qid,docno,label
1,2188761,5
1,2188860,5
1,2327419,4
1,1958586,4
1,1931518,1
1,2337657,5
1,2042794,5
1,1297183,3
1,2076420,5
1,1379635,5
1,2320794,4
1,2076420,5
1,2186658,5
1,1022318,2
1,2186641,5
1,2122679,5
1,2351815,4
1,2351815,1
1,1754563,4
1,2276541,3
1,1868223,4
1,1347475,5
1,2327294,4
1,2209476,1
1,2237063,1
1,1779271,5
1,2117893,1
1,2121903,5
1,1881051,5
1,1617489,1
1,2353290,4
1,2102804,1
1,1866722,5
1,2262541,5
1,2179299,5
1,2032076,1
1,2189843,4
1,2296911,5
1,2139467,4
1,2353290,4
1,1678671,5
1,2122315,5
1,2107985,5
1,1866813,1
1,2228856,5
1,2147320,3
1,1742337,1
1,1736164,4
1,2223469,5
1,2169464,1
2,2339711,4
2,2287951,3
2,1002724,4
2,2107787,5
2,1310564,4
2,2043529,1
2,1898196,5
2,2191187,3
2,2191195,4
2,1901859,4
2,1721281,4
2,1495209,5
2,1901859,4
2,1901859,5
2,1874866,3
2,1874874,5
2,1874858,4
2,1259068,4
2,2305613,4
2,2305068,4
2,2188852,1
2,2259653,5
2,2204246,3
2,2204220,3
2,2287761,1
2,2327419,1
2,1768191,4
2,2270296,4
2,2270262,1
2,2270155,1
2,2270171,1
2,2321339,1
2,1161629,4
2,1898717,3
2,2032068,1
2,1930338,4
2,2113058,3
2,2214807,2
2,2214815,4
2,1925528,4
2,2307783,2
2,2268449,3
2,2162774,2
2,2225928,1
2,2268431,3
2,1779511,3
2,2327633,5
2,2353068,1
2,1795087,3
2,2303782,3
3,1897602,4
3,1897537,1
3,1897610,4
3,2291102,2
3,2314136,1
3,2291060,1
3,2291086,1
3,2291060,4
3,2291086,1
3,2291151,1
3,2291078,1
3,1328038,1
3,1161660,1
3,1528892,1
3,2021897,4
3,2021889,4
3,2021897,4
3,2021913,4
3,2021905,4
3,1750322,1
3,1702299,1
3,2087419,1
3,2214807,1
3,2278158,1
3,2276400,1
3,2073765,4
3,2073765,4
3,2073765,4
3,2132132,4
3,2132132,4
3,2132132,4
3,2132132,4
3,2326502,4
3,2326502,4
3,1969427,4
3,1969427,4
3,1969435,4
3,1969443,4
3,1969435,4
3,1969443,4
3,2262533,1
3,2262319,1
3,2262509,4
3,2262319,1
3,2262509,4
3,2262376,1
3,2262525,4
3,2014181,4
3,2139988,4
3,1764976,4
4,2114395,2
4,1973759,4
4,2048858,4
4,1408400,2
4,1408392,2
4,1408400,2
4,1408392,2
4,1408400,2
4,2063782,3
4,2230050,3
4,1423979,4
4,2234425,5
4,2255552,5
4,2149383,1
4,2340198,4
4,2340248,2
4,2340214,3
4,2340230,4
4,2340222,4
4,2340206,5
4,2304319,2
4,2274934,4
4,2194280,4
4,2194314,2
4,1973635,5
4,2269439,4
4,2315885,4
4,2315885,4
4,2066009,5
4,1884451,5
4,2060986,4
4,2323251,5
4,2173052,5
4,2320711,4
4,2320687,5
4,2206167,5
4,2206209,3
4,2163004,5
4,2162998,5
4,1840305,3
4,1840289,4
4,2222792,5
4,2087385,3
4,2186427,5
4,2186211,5
4,823427,5
4,2114932,5
4,2175925,3
4,2114932,5
4,2175925,3
5,1707744,4
5,2206142,4
5,2206142,4
5,1971837,1
5,2163012,4
5,2163145,1
5,2226843,1
5,2226827,5
5,2114940,4
5,2024370,4
5,1940725,3
5,1450881,5
5,1899202,5
5,2185445,5
5,1680818,3
5,1899228,4
5,1723832,3
5,1723840,4
5,2057040,4
5,1924000,4
5,2138378,5
5,1424001,2
5,2294577,3
5,2294569,5
5,1754597,4
5,2280436,5
5,2204501,4
5,2259992,4
5,2259950,5
5,2211506,5
5,1868249,2
5,1868249,3
5,2229763,5
5,2324796,2
5,1989474,5
5,2024792,4
5,1989540,4
5,1988716,2
5,2057628,3
5,2332724,5
5,2338481,3
5,2338408,5
5,2338473,4
5,2338465,3
5,2284164,3
5,1932268,2
5,2126001,5
5,1809557,4
5,1747849,4
5,2282374,5
6,2329712,5
6,2329720,5
6,2040947,5
6,1989292,5
6,2319382,4
6,769836,3
6,1407980,5
6,2122265,5
6,2122299,3
6,1224724,4
6,2155448,4
6,2071751,3
6,2335479,5
6,2070795,4
6,2070811,2
6,1966274,5
6,407304,5
6,1933035,4
6,1985241,3
6,2262319,4
6,2262442,2
6,2262343,4
6,2114544,5
6,2046647,2
6,2192714,5
6,2205664,5
6,2139988,3
6,2048841,5
6,1958487,3
6,1860311,4
6,2340222,4
6,1246537,5
6,2100071,5
6,2100071,5
6,153726,2
6,2100089,4
6,1785542,1
6,2100048,2
6,2002855,4
6,1922194,2
6,1448596,4
6,2194314,1
6,1842251,2
6,1951227,2
6,1935329,1
6,1659564,1
6,2315877,5
6,2066009,5
6,2060986,3
6,2323251,3
7,2173052,1
7,2333136,1
7,1978956,4
7,1978410,4
7,2304335,4
7,1956002,1
7,2351815,3
7,2139467,5
7,2262269,5
7,2121903,4
7,2107977,5
7,2107985,5
7,2041945,4
7,2019768,1
7,1738640,4
7,1328855,1
7,2156925,1
7,2230415,4
7,2199750,1
7,1545748,1
7,2139046,4
7,1792555,4
7,2079549,3
7,2226868,1
7,2163079,1
7,2226868,1
7,2163004,1
7,2271906,5
7,2188761,5
7,2188860,5
7,2304038,5
7,2188852,5
7,2259653,1
7,2188845,5
7,2328326,5
7,1292820,1
7,2073195,1
7,1291988,1
7,2338838,4
7,1859784,1
7,2204246,1
7,2204220,1
7,2287761,1
7,2327419,4
7,1800150,4
7,2174894,1
7,2040947,1
7,2019461,1
7,1538354,1
7,789727,1
8,899070,1
8,1900497,5
8,2268779,5
8,2333599,3
8,1585256,3
8,1683861,3
8,2212058,5
8,1949692,1
8,2261907,5
8,2269439,5
8,2309342,3
8,2329159,5
8,1901255,5
8,1997709,5
8,1682053,5
8,1826569,3
8,2032076,4
8,1328038,1
8,1945724,5
8,1945724,5
8,2347789,5
8,1682202,3
8,1602879,1
8,1800242,3
8,47860,1
8,1774827,3
8,882506,3
8,883306,1
8,1580786,1
8,1809383,5
8,504274,1
8,1809409,5
8,2044113,3
8,2352391,3
8,1898725,3
8,2204105,3
8,1924596,3
8,2217677,4
8,2334332,3
8,1701671,3
8,2204170,4
8,1974310,1
8,2205490,4
8,2204147,1
8,1949718,4
8,2204188,4
8,2334316,3
8,2204162,3
8,2334241,3
8,2326635,5
9,2269934,1
9,2237642,5
9,2219905,5
9,2332724,1
9,2113157,1
9,2219905,5
9,1947886,5
9,2183531,1
9,1981588,1
9,2221620,3
9,1981604,1
9,1981554,1
9,2338374,1
9,2338424,1
9,2338416,1
9,2339422,1
9,1932201,1
9,1932235,1
9,2132132,1
9,2060960,1
9,1932227,1
9,1932268,2
9,1932326,1
9,1932649,1
9,1932284,1
9,1932300,1
9,2223469,1
9,1932441,4
9,2132165,1
9,2048957,3
9,2082337,1
9,2204006,1
9,1932425,1
9,1932383,1
9,1748011,1
9,1748003,1
9,1747997,1
9,1966241,1
9,2258770,2
9,2352441,1
9,2210482,1
9,2012300,5
9,2042810,5
9,2346138,4
9,2323053,4
9,2269439,4
9,2329159,4
9,1901255,4
9,1997709,4
9,2347649,4
10,1899376,1
10,1874858,1
10,2025997,1
10,2026052,1
10,1768167,1
10,1572288,1
10,1572338,1
10,2111730,1
10,2111722,1
10,2111755,1
10,2111748,1
10,1826155,1
10,1394360,1
10,1675206,1
10,1375583,1
10,2301984,1
10,1632868,1
10,1809318,1
10,1953991,1
10,2270346,1
10,2301976,1
10,373894,2
10,1684869,1
10,1734045,1
10,1734003,1
10,2257244,1
10,1766054,1
10,1781434,1
10,2209500,1
10,2209526,1
10,2330470,1
10,2129260,4
10,1802438,1
10,2347805,1
10,2020121,5
10,2025690,5
10,2025724,5
10,2025716,5
10,2271245,5
10,1705961,5
10,1516053,1
10,2129864,1
10,1381581,5
10,2288017,5
10,1989821,5
10,2230456,5
10,2214138,1
10,2300671,1
10,2300499,1
10,2298784,1
11,604223,1
11,2082337,5
11,912816,1
11,2339968,1
11,2071934,4
11,2184968,4
11,2315216,1
11,2202513,1
11,1910702,1
11,1910587,1
11,1596527,1
11,1932953,1
11,779983,1
11,1737907,1
11,1835339,1
11,2070100,1
11,2129260,1
11,1866755,4
11,2107977,1
11,2337293,1
11,2290807,5
11,2206175,4
11,2187698,1
11,2265577,1
11,2346765,1
11,2346799,1
11,2346807,1
11,2304038,1
11,2188852,1
11,2259653,1
11,2188845,1
11,1027507,1
11,579490,5
11,1829563,1
11,50534,1
11,51029,1
11,1682376,4
11,1540228,1
11,2267672,1
11,2002087,2
11,2002103,1
11,2221133,3
11,1916857,1
11,2083749,1
11,2011195,1
11,2278166,1
11,2278166,1
11,2225936,1
11,2344646,5
11,1496256,4
12,1675990,4
,1161660,5
12,2186435,2
12,2062503,2
12,2255297,1
12,2295491,4
12,1239847,4
12,1659382,4
12,2344604,3
12,2208387,2
12,2129823,3
12,2325397,1
12,1873231,5
12,2215903,5
12,2205359,5
12,2345916,1
12,2345890,4
12,2345882,4
12,2059020,4
12,1799022,4
12,2059038,5
12,2345908,1
12,2205565,4
12,1932763,1
12,1934678,1
12,1705177,1
12,2059053,1
12,2205540,5
12,1934660,4
12,1957109,2
12,1932482,4
12,2291136,5
12,2291052,3
12,2291177,2
12,2320612,5
12,2071322,5
12,2315158,3
12,2322774,3
12,2178226,3
12,2140002,3
12,2322790,3
12,2322774,3
12,2323053,3
12,2269439,4
12,2329159,1
12,1901255,2
12,1881465,1
12,1659564,3
12,2315877,1
12,2169464,5
13,2315935,3
13,2178226,5
13,1901255,1
13,1682053,1
13,1866706,5
13,1328814,1
13,1328046,5
13,1161827,5
13,2315141,1
13,2346187,1
13,2206381,1
13,2204170,1
13,1974310,2
13,2205490,1
13,2204147,1
13,1949718,1
13,2204188,1
13,2334316,1
13,2204162,1
13,2327989,5
13,2278158,1
13,2077691,1
13,1516053,1
13,662429,1
13,2321560,1
13,1548270,1
13,2229763,1
13,2183531,1
13,1981588,5
13,2221620,1
13,1712561,2
13,133751,1
13,2314102,3
13,2341824,1
13,2262442,5
13,1685874,1
13,1897537,5
13,2178226,2
13,1901255,2
13,1682053,2
13,1582477,5
13,2206134,1
13,2210466,1
13,2206225,1
13,2206159,1
13,2206175,1
13,2206183,5
13,2206167,5
13,2206209,5
13,2331809,5
14,2331825,2
14,1792951,2
14,1948157,1
14,1809235,1
14,2340131,2
14,2252591,1
14,1933076,1
14,1770577,3
14,2210664,3
14,2267557,3
14,2161792,3
14,2325165,3
14,1833599,3
14,2122950,1
14,2193183,1
14,2122927,1
14,2205581,4
14,2205581,4
14,2205573,4
14,2206092,1
14,2205607,4
14,2205532,1
14,2205524,4
14,2222941,2
14,2213510,4
14,1418607,3
14,2347649,1
14,2012235,2
14,2012326,2
14,2012300,1
14,1884451,1
14,2002731,4
14,1841543,1
14,2284966,2
14,1940089,4
14,1902238,2
14,2281392,5
14,2325892,2
14,2290518,1
14,2301026,1
14,2352524,4
14,2105856,1
14,1931724,5
14,1682319,5
14,348078,1
14,1528264,4
14,1901230,1
14,1923515,1
14,1826437,5
14,2172559,5
15,1988880,5
15,1988898,5
15,2214146,5
15,2338473,2
15,2338465,5
15,2338366,1
15,2336063,5
15,2068039,1
15,2230456,1
15,2214138,1
15,2300671,1
15,2300499,5
15,1710276,5
15,2314094,2
15,1014554,3
15,1607084,5
15,1459130,5
15,2185106,5
15,2122307,1
15,2122299,5
15,2181196,1
15,2112068,1
15,2111730,1
15,2111722,1
15,2155455,4
15,2187771,3
15,2155497,5
15,1641836,2
15,1375849,5
15,2108827,1
15,1521335,5
15,1916287,5
15,2125854,5
15,2125797,5
15,2301984,5
15,1632868,1
15,1809318,5
15,2114809,5
15,2189389,5
15,1674084,5
15,1737881,5
15,2028454,5
15,986349,1
15,2114601,5
15,2103174,2
15,2080075,2
15,2231504,1
15,2246650,5
15,1862929,5
15,2318780,5
16,2113157,1
16,2063832,1
16,1976406,1
16,1907104,1
16,1954783,1
16,2276335,1
16,2335586,2
16,1436666,1
16,2155026,1
16,1074442,1
16,2076495,2
16,1916782,1
16,2319135,1
16,2185593,1
16,2337657,1
16,1217710,3
16,1931518,1
16,2241644,1
16,1679307,1
16,1912385,2
16,2167666,2
16,2269900,1
16,2028413,1
16,2334233,1
16,1426170,4
16,1923887,1
16,2117141,1
16,2046654,3
16,2051910,2
16,1840289,4
16,1901859,1
16,2191161,1
16,2163079,1
16,2107787,1
16,2206209,2
16,2206191,1
16,2255545,2
16,2019768,2
16,2255560,5
16,2053023,5
16,1408392,5
16,2114536,3
16,2176642,5
16,2170918,5
16,2170959,5
16,2170892,5
16,2058162,3
16,1737774,4
16,784603,4
16,1446178,4
17,1899301,1
17,1954007,1
17,2262335,1
17,2062974,1
17,2262442,1
17,2170892,1
17,2321479,1
17,2044253,1
17,1850338,1
17,2295913,1
17,1902386,1
17,2194264,1
17,1681881,1
17,2042810,1
17,1940063,1
17,2315349,1
17,2290807,1
17,2287928,1
17,2232007,1
17,2320745,1
17,1863588,1
17,2211647,2
17,2059020,1
17,2288470,5
17,2276657,3
17,2288264,5
17,2020345,5
17,1947951,1
17,1778851,1
17,2213619,1
17,1167105,1
17,2025732,5
17,1240399,1
17,1350958,1
17,2025740,5
17,2044113,5
17,2352391,5
17,1898725,1
17,2352409,5
17,2352417,5
17,48579,1
17,1140870,5
17,1141183,5
17,1140839,1
17,1140854,5
17,2265577,5
17,2324770,5
17,2144723,1
17,2113777,1
17,2288264,5
18,1892611,3
18,2264794,4
18,2075513,3
18,2075661,3
18,2065886,3
18,2270056,5
18,2330355,5
18,2270031,4
18,2027860,5
18,1564483,5
18,1851898,3
18,1862317,5
18,1851898,2
18,2021905,3
18,2344513,3
18,2266385,3
18,2313005,4
18,1873454,1
18,1750322,1
18,1686013,1
18,1973585,3
18,1802693,1
18,2183523,5
18,1124155,1
18,2055226,1
18,2276525,3
18,2276442,1
18,2070837,2
18,2206555,1
18,2002061,1
18,1754613,1
18,1734805,1
18,2319069,1
18,2224129,1
18,1923515,1
18,1627744,1
18,1822709,2
18,1378215,1
18,1585983,1
18,2117687,1
18,2004042,4
18,2225928,1
18,2268431,1
18,2337376,1
18,2231330,1
18,1846435,5
18,112706,1
18,1560200,1
18,1560267,4
18,1658236,1
19,1425453,1
19,1923838,1
19,2349934,2
19,1824408,1
19,2260198,1
19,592527,1
19,2278679,1
19,1689249,1
19,2109718,1
19,1650191,1
19,1946995,1
19,1989896,1
19,2197861,1
19,1935519,1
19,2271278,1
19,1447192,1
19,1734003,1
19,2081537,1
19,2044204,1
19,1968452,1
19,1985217,1
19,1271519,1
19,2065977,1
19,2065969,1
19,2267334,1
19,2187318,1
19,2254449,1
19,1755321,1
19,1971837,1
19,1496488,2
19,2078574,2
19,1918689,5
19,1014554,4
19,2183523,4
19,2265478,5
19,2183119,2
19,2055226,3
19,1989714,4
19,1991702,5
19,1991660,5
19,2234631,2
19,2223998,5
19,1426717,5
19,1829472,5
19,1717016,4
19,1718295,4
19,1689140,4
19,1390079,5
19,2175925,5
19,1840305,3
20,2032076,5
20,1945724,5
20,1887173,5
20,2347789,5
20,1682202,3
20,1602879,2
20,1800242,4
20,1151711,3
20,1809383,5
20,1809409,4
20,2062842,3
20,2217677,3
20,2334332,5
20,1701671,3
20,2334258,3
20,2204170,3
20,2204188,3
20,2334316,3
20,2204162,4
20,2334241,3
20,2334282,3
20,2334233,2
20,2212975,4
20,2326635,4
20,1809235,3
20,2344547,5
20,2170330,4
20,2170348,3
20,2268779,3
20,1190529,2
20,2338325,4
20,1868249,4
20,1240449,3
20,1496819,4
20,2041192,3
20,1988914,3
20,1988955,5
20,1989565,4
20,1605609,1
20,1140805,1
20,2109601,1
20,51052,1
20,2182657,1
20,1901255,5
20,1866771,1
20,50,1
20,2111755,1
20,2111748,1
20,1734045,1
20,1734003,1
21,2063014,5
21,2163061,2
21,2271906,4
21,2304038,4
21,2276541,5
21,2273639,5
21,2341865,5
21,2354926,1
21,2328557,4
21,2230415,4
21,2063014,4
21,1675974,1
21,2163061,2
21,2271906,4
21,2188860,4
21,2304038,4
21,2240299,4
21,883306,4
21,504274,4
21,2167658,2
21,2062925,1
21,2027878,1
21,1958586,2
21,1780519,4
21,2175503,5
21,2320968,5
21,1627744,4
21,2186658,4
21,1500826,4
21,2322477,4
21,1792688,1
21,2201093,5
21,2153997,4
21,2073765,1
21,1989797,1
21,2006666,2
21,2233492,4
21,2237097,3
21,2062974,1
21,2028462,4
21,2320802,1
21,2283356,1
21,2111573,1
21,2311421,4
21,2323095,2
21,2230415,4
21,2199750,1
21,1902238,1
21,2179299,3
21,1738640,3
22,1328038,3
22,2262285,3
22,2163012,5
22,2163020,4
22,2163046,5
22,2163061,2
22,2114940,4
22,2024370,4
22,2002293,5
22,2242535,4
22,1778265,1
22,1778240,1
22,1953009,1
22,1778257,3
22,2236719,2
22,1864032,1
22,1868199,5
22,2073666,2
22,2315604,1
22,2172658,4
22,2144723,5
22,2338457,5
22,2338440,4
22,1747799,2
22,1780956,2
22,1528066,5
22,2341824,1
22,1850338,3
22,1785229,5
22,1863208,4
22,1922194,5
22,1448596,3
22,1811058,5
22,2194272,5
22,2194314,2
22,2002731,3
22,1540426,5
22,1672120,1
22,2236263,2
22,2056083,2
22,1956408,2
22,1826569,3
22,2315323,3
22,1957059,2
22,1778844,4
22,1773209,3
22,1881051,2
22,1743277,2
22,2320729,5
22,2320737,5
23,2321461,2
23,2298891,2
23,2280071,1
23,2086981,2
23,2231991,1
23,2290807,2
23,2289650,1
23,2289676,1
23,2289668,1
23,1675990,4
23,2187672,5
23,1605575,1
23,1605674,5
23,2226850,4
23,2163095,4
23,2163129,3
23,2301026,1
23,2352524,4
23,2105856,3
23,2051910,3
23,2105864,2
23,2051928,4
23,2240653,3
23,2240646,4
23,2168433,4
23,1931708,5
23,1931716,5
23,2340057,2
23,502443,3
23,1898758,5
23,1639343,1
23,1898766,3
23,1667153,3
23,2002368,2
23,2002244,4
23,2002228,2
23,2002301,5
23,2326627,5
23,2028397,5
23,2278695,4
23,2270189,3
23,1564483,5
23,1680818,2
23,1412212,3
23,2267805,3
23,2196467,5
23,2196475,5
23,2344497,4
23,2011195,4
23,2046597,2
24,2250082,2
24,2287118,1
24,2147379,1
24,2114924,1
24,1931708,3
24,1754092,3
24,2163384,4
24,1718303,4
24,2163392,4
24,2163418,4
24,2163442,4
24,2163400,4
24,2111904,4
24,2333599,4
24,2196780,2
24,2217875,1
24,1271519,1
24,1627777,1
24,2306330,1
24,2169415,1
24,2306116,3
24,2289056,1
24,2043529,3
24,1898196,1
24,2062420,1
24,2169274,1
24,1935568,1
24,2306348,1
24,2262467,1
24,2262442,4
24,1233691,1
24,2149482,3
24,1448596,1
24,1448562,2
24,1888551,1
24,2317295,4
24,2122521,4
24,2072213,3
24,2287118,1
24,823427,3
24,2315141,1
24,2346187,4
24,2206381,4
24,2255057,2
24,1528892,2
24,1698042,2
24,1931716,4
24,2340057,4
24,241539,4
24,2256402,4
25,2048585,4
25,1800259,4
25,2072221,4
25,2340297,4
25,1392943,2
25,2340289,1
25,899070,1
25,2313401,5
25,886267,2
25,2163400,4
25,971473,2
25,1212281,5
25,2028421,5
25,1893064,5
25,2287662,1
25,2264794,2
25,2289239,5
25,2289221,3
25,2269942,4
25,2270064,3
25,2270171,4
25,2321339,5
25,2304111,5
25,2027878,5
25,2103299,4
25,2324168,4
25,1669837,3
25,2185445,5
25,1634344,2
25,1940717,1
25,2300275,4
25,2021897,5
25,2166973,3
25,1679315,3
25,2022598,4
25,2062081,3
25,2087914,4
25,2282960,2
25,2170330,1
25,1766930,1
25,2170348,1
25,1679273,2
25,1679281,2
25,2011195,4
25,2068880,2
25,2183507,5
25,1190529,2
25,2044949,5
25,2049286,2
25,2303667,2
26,2025328,1
26,1161710,5
26,1583053,1
26,2268670,1
26,2002079,4
26,2002368,5
26,2270007,5
26,2269983,1
26,1309608,3
26,1217710,5
26,2215184,3
26,2207231,1
26,2131803,5
26,2113132,1
26,2188209,5
26,2335636,5
26,2335628,1
26,2149805,5
26,2221620,1
26,1981604,5
26,2048932,5
26,2324903,5
26,2048841,5
26,2100048,2
26,2002855,5
26,2192938,1
26,2181030,4
26,1860329,5
26,2110690,1
26,2235133,1
26,2255545,4
26,1662410,5
26,1898634,2
26,1649771,5
26,1772813,1
26,1790039,4
26,2255503,1
26,2210466,1
26,2206225,1
26,2206159,4
26,2206167,4
26,2206209,1
26,2331809,1
26,2331825,1
26,2331882,4
26,2163012,1
26,2226868,1
26,2163004,3
26,2162998,4
26,1862820,1
27,2304061,5
27,2266369,5
27,579490,1
27,1066729,5
27,2083798,1
27,1718295,5
27,1682343,4
27,1417294,5
27,1677202,1
27,1717024,5
27,2221133,1
27,2318046,2
27,2010247,5
27,2301992,4
27,2028587,4
27,2266708,3
27,2049286,5
27,2113132,5
27,1604438,1
27,1176163,3
27,564369,2
27,564294,5
27,912816,1
27,2192680,5
27,2240729,5
27,2217909,4
27,1566124,4
27,2175032,4
27,2105880,1
27,2315182,1
27,2340198,3
27,2340248,5
27,2002830,5
27,2002806,4
27,2234144,4
27,2318798,4
27,2038701,3
27,2278661,2
27,2270288,4
27,912782,1
27,2274264,4
27,2270288,4
27,2270296,2
27,2270262,4
27,1559061,1
27,2120244,1
27,2241073,4
27,2115012,1
27,2167773,1
27,2208379,3
28,2163137,4
28,2163020,4
28,2163046,2
28,2348365,5
28,2046654,2
28,1754068,4
28,1604578,5
28,2221091,1
28,2221208,1
28,2327609,1
28,2028421,5
28,2269918,5
28,2270056,1
28,2330355,5
28,2077832,4
28,2286052,1
28,2077857,2
28,2267821,5
28,2208387,5
28,2057065,5
28,2339471,5
28,2265015,5
28,1260397,3
28,1899194,4
28,2283323,4
28,2215184,3
28,2207231,2
28,1926120,1
28,1754589,3
28,1371533,5
28,1981604,2
28,1981554,1
28,2338440,3
28,2338382,5
28,1913409,1
28,2214799,1
28,2315216,1
28,2264844,1
28,654277,1
28,2070944,1
28,2212058,3
28,654806,1
28,654236,1
28,1651694,4
28,352054,5
28,2129260,1
28,1973734,1
28,2223204,1
28,2195790,3
28,1657972,5
29,2291136,4
29,2291052,4
29,2161735,5
29,2343689,1
29,2215655,3
29,2315893,3
29,2181030,3
29,2237063,5
29,2239937,1
29,1629948,4
29,1605567,3
29,1605559,5
29,1605575,1
29,1840289,5
29,2280295,5
29,1686344,5
29,2348365,2
29,1686393,1
29,1862804,1
29,2102044,4
29,2240653,5
29,2240646,1
29,2168433,1
29,455774,4
29,2114924,4
29,2255057,1
29,1528892,4
29,1066729,1
29,1295716,4
29,1629963,1
29,1438761,4
29,2312478,1
29,1677269,1
29,2002368,1
29,2002244,1
29,2002269,1
29,2002129,5
29,2002202,3
29,2318053,3
29,2221109,2
29,2221125,5
29,2230522,3
29,2222859,5
29,2270049,1
29,2278729,5
29,2158038,3
29,1686005,1
29,1973585,1
29,1930346,1
29,1475631,1
30,2183481,1
30,2340339,3
30,2226843,4
30,2347789,1
30,2208395,1
30,2236271,1
30,2147379,1
30,2147346,1
30,823427,1
30,1295708,1
30,886267,1
30,1924588,1
30,2334258,1
30,2318046,1
30,2010247,5
30,2324705,1
30,2316172,1
30,2307783,1
30,2268449,1
30,2162774,1
30,1818772,1
30,2297265,4
30,2052645,1
30,1381581,5
30,564369,5
30,1758465,4
30,1777879,5
30,2117745,3
30,1824671,2
30,912816,1
30,2192680,3
30,1873207,1
30,1906239,4
30,1873199,4
30,1873231,3
30,2255271,2
30,2210425,3
30,2336451,1
30,2210615,1
30,2031482,1
30,2336493,1
30,1899301,1
30,1897669,1
30,2015808,1
30,2103174,4
30,2080075,4
30,2158673,5
30,1802438,3
30,2347805,4
30,2020121,5
31,2206167,5
31,2206209,1
31,2331809,1
31,1971837,1
31,2163012,1
31,2226843,1
31,2226827,1
31,1954015,1
31,2040954,5
31,2329712,1
31,2040962,4
31,1814755,1
31,1677137,5
31,1774827,1
31,882506,1
31,883306,1
31,2130342,1
31,487694,4
31,2185387,1
31,2185023,1
31,2184950,5
31,2335479,4
31,2335487,5
31,1899327,1
31,1973767,1
31,2080141,5
31,2158673,1
31,2149409,1
31,2328540,5
31,2174282,1
31,1540418,1
31,2066009,5
31,1607076,1
31,2315331,4
31,1742329,1
31,2200657,1
31,2337293,2
31,1863588,5
31,2122166,1
31,2230597,1
31,1860329,3
31,2279982,1
31,2019768,1
31,2255586,1
31,1417286,1
31,2235133,1
31,2255545,3
31,2210466,1
31,2206225,1
31,2206159,4
32,2139046,1
32,2262285,1
32,1945724,4
32,1002724,1
32,1958859,1
32,2173045,1
32,2191187,1
32,2191195,1
32,2346765,1
32,2051902,1
32,2347789,5
32,2208395,1
32,74773,1
32,1682194,1
32,1682202,4
32,1814821,1
32,1800275,1
32,1404805,1
32,1800242,4
32,579490,1
32,1066729,1
32,47191,1
32,1718279,1
32,1151711,4
32,2039477,1
32,1898790,1
32,1295724,1
32,999565,4
32,1417294,1
32,2204113,1
32,2204154,5
32,1707124,1
32,1924588,1
32,2334258,4
32,2204121,1
32,1819515,4
32,2204170,5
32,1974310,1
32,2205490,5
32,2204147,1
32,2334233,4
32,2181121,1
32,2212975,1
32,2010247,1
32,2221182,5
32,2002202,1
32,2318053,1
32,2221109,1
32,2221125,1
32,2223998,1
33,1689249,1
33,1929421,1
33,1851898,1
33,1520303,4
33,2264190,1
33,1890631,1
33,2183499,4
33,1983212,1
33,1468172,1
33,2241644,1
33,1930320,1
33,1730472,1
33,1730431,3
33,1730449,3
33,2032043,1
33,1244862,2
33,1496256,4
33,1670124,1
33,1567213,4
33,2280931,4
33,2337533,1
33,2236719,1
33,1864032,5
33,2055226,3
33,1868223,1
33,2029429,4
33,1868249,1
33,2213718,1
33,2073674,5
33,2073666,5
33,1176171,1
33,1966795,1
33,2025732,1
33,1240399,1
33,1350958,1
33,2025740,3
33,2083822,4
33,1176189,1
33,1350966,1
33,1714807,1
33,2025765,1
33,1989508,2
33,1988955,2
33,2149805,5
33,1108836,4
33,886457,1
33,1655273,3
33,2027910,2
33,1114669,4
33,1979616,3
34,2253763,1
34,1715895,1
34,2236354,1
34,2071926,1
34,2258770,1
34,2352441,5
34,905364,1
34,2303782,5
34,2303790,4
34,2303808,4
34,2303774,4
34,2303824,5
34,911115,1
34,2303766,4
34,911149,1
34,2315810,1
34,2325926,5
34,2325934,5
34,2187326,1
34,1688845,5
34,1669027,5
34,1688845,5
34,1669084,5
34,1911320,5
34,2207702,1
34,2308062,1
34,1711076,5
34,2308138,1
34,2308054,1
34,2240166,1
34,2202596,1
34,2207637,4
34,2344810,1
34,2354264,3
34,1319805,1
34,2306116,1
34,2289056,1
34,2043529,1
34,1898196,4
34,2326262,1
34,2337806,1
34,1900133,4
34,2348092,1
34,1874874,4
34,1874858,5
34,2122273,1
34,1768167,1
34,1572288,1
34,2210615,1
34,2031482,5
35,2253763,1
35,1715895,1
35,2236354,1
35,2071926,1
35,2258770,1
35,2352441,5
35,905364,1
35,2303782,5
35,2303790,4
35,2303808,4
35,2303774,4
35,2303824,5
35,911115,1
35,2303766,4
35,911149,1
35,2315810,1
35,2325926,5
35,2325934,5
35,2187326,1
35,1688845,5
35,1669027,5
35,1688845,5
35,1669084,5
35,1911320,5
35,2207702,1
35,2308062,1
35,1711076,5
35,2308138,1
35,2308054,1
35,2240166,1
35,2202596,1
35,2207637,4
35,2344810,1
35,2354264,3
35,1319805,1
35,2306116,1
35,2289056,1
35,2043529,1
35,1898196,4
35,2326262,1
35,2337806,1
35,1900133,4
35,2348092,1
35,1874874,4
35,1874858,5
35,2122273,1
35,1768167,1
35,1572288,1
35,2210615,1
35,2031482,5
36,2163053,4
36,2163160,1
36,2163103,1
36,2163087,1
36,2163079,1
36,2204246,1
36,2204220,1
36,2287761,4
36,2327419,1
36,1955764,5
36,2266708,5
36,2261477,4
36,2230506,4
36,2328060,1
36,2122778,1
36,2261501,1
36,2261451,1
36,2197861,1
36,2224566,4
36,2224558,4
36,2224541,1
36,1361096,1
36,2306116,1
36,2289056,1
36,2043529,1
36,1898196,1
36,2062420,1
36,2169274,1
36,2172617,1
36,2026391,1
36,2099935,4
36,2025591,1
36,1863117,4
36,1898568,1
36,1224781,1
36,2172831,1
36,1324193,3
36,1284413,1
36,2270353,1
36,1855493,1
36,1973767,4
36,2149482,1
36,2186583,1
36,2233427,4
36,1653088,1
36,2240067,4
36,1765023,4
36,2234110,1
36,2096758,1
36,1594167,4
37,2114932,5
37,2114932,5
37,2175925,1
37,455774,4
37,2206381,2
37,2255057,5
37,1528892,4
37,2114940,4
37,2024370,2
37,2062503,2
37,241539,2
37,2320810,2
37,2271245,1
37,1859784,1
37,2040517,1
37,2117109,1
37,2142065,1
37,2117125,1
37,2117190,1
37,2117208,5
37,2117117,3
37,2310514,3
37,2255313,2
37,2117141,1
37,2118404,3
37,2255297,1
37,2295491,5
37,348144,4
37,827824,1
37,1108257,4
37,2203057,2
37,1029859,5
37,2040954,5
37,2329712,1
37,2040962,4
37,1814755,1
37,2174894,5
37,2040947,5
37,2019461,2
37,1538354,2
37,789727,2
37,899070,3
37,2163400,2
37,971473,2
37,1592831,5
37,126581,2
37,1202464,2
37,1438779,4
37,1192921,5
37,2163400,3
38,1734649,4
38,2062842,2
38,1924596,4
38,2217677,2
38,2334332,2
38,1949718,3
38,2204188,3
38,2334316,3
38,2204162,3
38,2334241,3
38,1873470,4
38,1915479,4
38,1873454,4
38,2149011,3
38,2292001,4
38,2130334,1
38,2113132,5
38,2188209,5
38,2224129,1
38,2224145,1
38,2224137,1
38,2319168,5
38,2319044,1
38,2319119,1
38,2319051,1
38,2319200,1
38,2319127,1
38,2319036,1
38,2201937,1
38,1979954,5
38,1819960,5
38,1754597,5
38,1905843,3
38,1754563,1
38,1754555,1
38,1678630,2
38,2235125,1
38,1735778,1
38,2276418,2
38,2338325,3
38,2273589,4
38,2276350,4
38,2332484,4
38,2338341,4
38,2276376,4
38,2273605,4
38,2276392,4
38,2276434,4
38,2276327,4
38,2276517,4
39,1604438,1
39,1989664,3
39,2057610,1
39,2053155,1
39,1988716,1
39,2338465,1
39,2338366,1
39,2338432,1
39,2339521,3
39,1824671,1
39,912816,3
39,2256477,1
39,2256485,1
39,2256493,1
39,2202513,1
39,2122323,1
39,2122315,5
39,1954585,1
39,2258085,1
39,1781434,1
39,1835339,5
39,2070100,1
39,2023646,1
39,2181055,1
39,2122489,4
39,2236263,1
39,1673805,1
39,2315315,4
39,1890904,1
39,2056083,1
39,1956408,1
39,1826569,1
39,2315331,1
39,1742329,1
39,2206191,1
39,2206241,1
39,2206175,3
39,2206183,1
39,2206167,1
39,2002095,1
39,2326627,1
39,2230522,1
39,2211639,1
39,2280410,1
39,2335602,1
39,2211589,1
39,2276459,1
39,2276541,4
39,1842988,1
39,2327294,4
40,2122679,1
40,2202513,3
40,2122323,1
40,2122315,1
40,2314243,5
40,1910678,3
40,1423961,1
40,1376086,5
40,1424001,2
40,2210581,2
40,2278091,5
40,2031433,4
40,2175370,4
40,1375682,5
40,2263713,1
40,2175396,1
40,1375823,4
40,2214153,1
40,1826163,1
40,1746593,5
40,2175404,1
40,1916550,5
40,1787993,5
40,2125789,1
40,2335511,4
40,2125813,2
40,1899301,1
40,2125680,1
40,2335479,4
40,2335487,5
40,1899327,1
40,2058154,1
40,2270338,1
40,1953991,5
40,373894,1
40,1684869,4
40,1976976,5
40,2270312,2
40,2270387,1
40,1932953,5
40,1933035,5
40,1447192,1
40,2062982,5
40,2262319,5
40,2262509,4
40,2262368,5
40,2262483,5
40,2262335,4
40,2262442,5
40,2262343,5